---,MaxHealth,CurrentHealth,Barrier,MaxStagger,CurrentStagger,StaggerDecay,MaxMana,CurrentMana,MaxUltimate,CurrentUltimate,Attack,Impact,Defense,CriticalRate,CriticalDamage,Invincible,SuperArmor
SandbagCharacter,"10000.000000","10000.000000","0.000000","100.000000","0.000000","10.000000","0.000000","0.000000","0.000000","0.000000","10.000000","10.000000","0.000000","0.000000","0.000000","0.000000","0.000000"
HR_Character,"6000.000000","5000.000000","100.000000","100.000000","0.000000","10.000000","0.000000","0.000000","0.000000","0.000000","1000.000000","50.000000","50.000000","0.000000","0.000000","0.000000","0.000000"
BP_Boss,"6000.000000","5000.000000","0.000000","100.000000","0.000000","10.000000","0.000000","0.000000","0.000000","0.000000","1000.000000","50.000000","50.000000","0.000000","0.000000","0.000000","0.000000"
BP_PlayerCharacter,"100.000000","100.000000","0.000000","100.000000","0.000000","0.000000","100.000000","0.000000","0.000000","0.000000","50.000000","50.000000","50.000000","5.000000","50.000000","0.000000","0.000000"
Environments,"0.000000","0.000000","0.000000","0.000000","0.000000","0.000000","0.000000","0.000000","0.000000","0.000000","0.000000","0.000000","0.000000","0.000000","0.000000","0.000000","0.000000"
